City_ID,City,Lat,Lng,Max Temp,Humidity,Cloudiness,Wind Speed,Country,Date
0,Chuy,-33.6971,-53.4616,9.69,80,68,2.71,UY,$Y-$m-25 03:30:04
1,Nikolskoye,59.7035,30.7861,7.66,93,100,3.95,RU,$Y-$m-25 03:30:05
2,Nouadhibou,20.931,-17.0347,23.99,100,40,3.09,MR,$Y-$m-25 03:30:05
3,Kharp,66.8014,65.8081,-0.07,74,78,1.45,RU,$Y-$m-25 03:30:06
4,Sioux Lookout,50.1001,-91.917,10.04,100,100,0.0,CA,$Y-$m-25 03:30:06
5,Harwich,51.9419,1.2844,9.64,88,4,2.24,GB,$Y-$m-25 03:30:07
6,Chimbote,-9.0853,-78.5783,15.63,90,50,3.91,PE,$Y-$m-25 03:30:07
7,Broken Hill,-31.95,141.4333,25.6,25,80,6.13,AU,$Y-$m-25 03:30:07
8,Albany,42.6001,-73.9662,11.92,84,33,1.69,US,$Y-$m-25 03:30:08
9,Avarua,-21.2078,-159.775,24.03,69,20,10.29,CK,$Y-$m-25 03:30:08
10,Ushuaia,-54.8,-68.3,-0.08,93,99,2.34,AR,$Y-$m-25 03:30:09
11,New Norfolk,-42.7826,147.0587,16.07,43,89,1.88,AU,$Y-$m-25 03:30:09
12,Madimba,-10.4,40.3333,23.21,86,71,2.8,TZ,$Y-$m-25 03:30:09
13,Port Alfred,-33.5906,26.891,18.43,92,100,4.33,ZA,$Y-$m-25 03:30:10
14,Kapaa,22.0752,-159.319,28.99,70,0,3.6,US,$Y-$m-25 03:30:10
15,Kurchum,48.5722,83.6542,21.58,33,7,0.47,KZ,$Y-$m-25 03:30:10
16,Talnakh,69.4865,88.3972,-0.98,73,96,1.5,RU,$Y-$m-25 03:30:11
17,Mitsamiouli,-11.3847,43.2844,25.16,73,20,2.57,KM,$Y-$m-25 03:30:11
18,Rundu,-17.9333,19.7667,19.27,31,31,2.29,NA,$Y-$m-25 03:30:12
19,Tuktoyaktuk,69.4541,-133.0374,0.0,80,100,5.66,CA,$Y-$m-25 03:30:12
20,Punta Arenas,-53.15,-70.9167,3.06,65,100,5.14,CL,$Y-$m-25 03:30:12
21,Pevek,69.7008,170.3133,-0.24,75,99,3.47,RU,$Y-$m-25 03:30:13
22,Garowe,8.4054,48.4845,24.88,62,73,7.08,SO,$Y-$m-25 03:30:13
23,Qaanaaq,77.484,-69.3632,-5.61,81,100,4.77,GL,$Y-$m-25 03:30:13
24,Cockburn Town,21.4612,-71.1419,28.14,80,73,6.48,TC,$Y-$m-25 03:30:13
25,Busselton,-33.65,115.3333,15.64,61,59,3.96,AU,$Y-$m-25 03:30:14
26,East London,-33.0153,27.9116,19.52,94,75,3.09,ZA,$Y-$m-25 03:30:14
27,Laguna,38.421,-121.4238,28.51,40,0,3.09,US,$Y-$m-25 03:26:32
28,Taltal,-25.4,-70.4833,14.53,74,0,1.95,CL,$Y-$m-25 03:30:15
29,Ballina,-28.8667,153.5667,24.32,65,0,3.77,AU,$Y-$m-25 03:30:15
30,Bambous Virieux,-20.3428,57.7575,22.14,68,40,5.14,MU,$Y-$m-25 03:30:16
31,Airai,-8.9266,125.4092,26.71,35,62,2.0,TL,$Y-$m-25 03:30:16
32,Cadereyta,25.5833,-99.9833,28.99,61,74,1.51,MX,$Y-$m-25 03:29:08
33,Castro,-24.7911,-50.0119,9.89,94,50,2.69,BR,$Y-$m-25 03:30:16
34,Luanda,-8.8368,13.2343,21.53,88,96,1.93,AO,$Y-$m-25 03:30:17
35,Butaritari,3.0707,172.7902,27.83,68,22,4.4,KI,$Y-$m-25 03:30:18
36,Bethel,41.3712,-73.414,13.69,83,0,0.0,US,$Y-$m-25 03:30:19
37,Rocha,-34.4833,-54.3333,8.76,78,100,2.52,UY,$Y-$m-25 03:28:26
38,Maningrida,-12.0667,134.2667,32.97,32,89,5.05,AU,$Y-$m-25 03:30:19
39,Lompoc,34.6391,-120.4579,18.08,91,100,3.09,US,$Y-$m-25 03:30:20
40,Vardo,70.3705,31.1107,4.99,87,45,3.09,NO,$Y-$m-25 03:26:37
41,Turtas,58.9417,69.1325,4.82,64,100,4.63,RU,$Y-$m-25 03:30:20
42,Coquimbo,-29.9533,-71.3436,11.85,87,0,1.03,CL,$Y-$m-25 03:30:21
43,Yangambi,0.8102,24.4336,20.26,99,100,1.0,CD,$Y-$m-25 03:30:21
44,Fortuna,40.5982,-124.1573,15.52,88,0,1.41,US,$Y-$m-25 03:30:22
45,Hithadhoo,-0.6,73.0833,27.12,74,100,4.07,MV,$Y-$m-25 03:30:22
46,Upernavik,72.7868,-56.1549,0.44,67,100,7.26,GL,$Y-$m-25 03:31:23
47,Dali,25.7,100.1833,20.35,75,83,1.45,CN,$Y-$m-25 03:31:23
48,Kautokeino,69.0125,23.0412,5.97,98,100,6.56,NO,$Y-$m-25 03:31:24
49,Pangnirtung,66.1451,-65.7125,2.64,53,20,3.17,CA,$Y-$m-25 03:31:24
50,Faanui,-16.4833,-151.75,25.23,76,9,8.72,PF,$Y-$m-25 03:31:24
51,Victoria,22.2855,114.1577,31.65,72,69,0.89,HK,$Y-$m-25 03:30:53
52,Dunmore Town,25.5,-76.65,28.52,74,14,5.83,BS,$Y-$m-25 03:31:25
53,Hermanus,-34.4187,19.2345,13.22,87,100,1.67,ZA,$Y-$m-25 03:31:25
54,Moose Factory,51.2585,-80.6094,7.0,93,0,1.03,CA,$Y-$m-25 03:31:26
55,Alice Springs,-23.7,133.8833,33.45,15,26,6.17,AU,$Y-$m-25 03:28:24
56,Bluff,-46.6,168.3333,13.05,75,100,4.84,NZ,$Y-$m-25 03:31:26
57,Mount Isa,-20.7333,139.5,32.87,12,1,4.63,AU,$Y-$m-25 03:30:57
58,Xining,36.6167,101.7667,15.3,47,1,0.3,CN,$Y-$m-25 03:31:26
59,Dikson,73.5069,80.5464,0.6,75,100,9.88,RU,$Y-$m-25 03:31:27
60,Aktau,43.65,51.2,16.32,68,99,10.76,KZ,$Y-$m-25 03:31:27
61,Severo-Kurilsk,50.6789,156.125,10.49,97,100,8.42,RU,$Y-$m-25 03:31:27
62,Nagorsk,59.3172,50.8078,10.81,92,100,3.52,RU,$Y-$m-25 03:31:28
63,Jalu,29.0331,21.5482,21.76,75,12,5.13,LY,$Y-$m-25 03:31:28
64,Port Elizabeth,-33.918,25.5701,17.4,99,100,0.45,ZA,$Y-$m-25 03:31:28
65,Kruisfontein,-34.0033,24.7314,12.16,81,100,1.33,ZA,$Y-$m-25 03:31:29
66,Shumyachi,53.8583,32.4242,6.21,90,100,6.56,RU,$Y-$m-25 03:31:29
67,Sao Filipe,14.8961,-24.4956,24.84,86,98,4.12,CV,$Y-$m-25 03:31:30
68,Tocopilla,-22.092,-70.1979,14.5,73,17,5.04,CL,$Y-$m-25 03:31:30
69,Grindavik,63.8424,-22.4338,10.97,66,75,22.64,IS,$Y-$m-25 03:31:30
70,Avera,33.194,-82.5271,16.73,49,0,2.49,US,$Y-$m-25 03:31:31
71,Pangai,-19.8,-174.35,26.06,73,75,4.12,TO,$Y-$m-25 03:31:31
72,Pacific Grove,36.6177,-121.9166,16.23,90,100,3.09,US,$Y-$m-25 03:31:31
73,Vila Velha,-20.3297,-40.2925,20.97,83,75,4.12,BR,$Y-$m-25 03:31:32
74,Ngorongoro,-3.2397,35.4875,8.76,92,95,2.97,TZ,$Y-$m-25 03:27:14
75,Cape Town,-33.9258,18.4232,12.27,87,0,2.57,ZA,$Y-$m-25 03:31:32
76,Charters Towers,-20.1,146.2667,32.02,32,31,4.96,AU,$Y-$m-25 03:31:33
77,Peniche,39.3558,-9.3811,17.28,84,2,11.23,PT,$Y-$m-25 03:31:33
78,Samoded,63.6083,40.5111,2.88,89,100,3.7,RU,$Y-$m-25 03:31:33
79,Bathsheba,13.2167,-59.5167,27.34,89,40,5.66,BB,$Y-$m-25 03:31:34
80,Barreiras,-12.1528,-44.99,22.52,89,100,2.82,BR,$Y-$m-25 03:26:51
81,Aksu,41.1231,80.2644,23.98,30,85,1.17,CN,$Y-$m-25 03:31:34
82,Jamestown,42.097,-79.2353,14.29,82,100,2.57,US,$Y-$m-25 03:28:51
83,San Cristobal,7.7669,-72.225,23.1,98,100,0.83,VE,$Y-$m-25 03:31:35
84,Ribeira Grande,38.5167,-28.7,22.57,77,84,10.02,PT,$Y-$m-25 03:31:35
85,Mataura,-46.1927,168.8643,15.89,64,100,2.16,NZ,$Y-$m-25 03:31:35
86,Sawtell,-30.3833,153.1,21.21,60,0,4.12,AU,$Y-$m-25 03:31:36
87,Yellowknife,62.456,-114.3525,0.29,74,20,1.03,CA,$Y-$m-25 03:30:48
88,Phitsanulok,16.9167,100.5,25.06,97,100,1.06,TH,$Y-$m-25 03:32:36
89,Cidreira,-30.1811,-50.2056,14.7,86,3,4.29,BR,$Y-$m-25 03:32:37
90,Oistins,13.0667,-59.5333,27.05,89,40,5.66,BB,$Y-$m-25 03:32:37
91,Mar Del Plata,-38.0023,-57.5575,15.61,68,0,2.57,AR,$Y-$m-25 03:29:37
92,Soe,-9.8607,124.284,31.38,29,16,5.13,ID,$Y-$m-25 03:32:38
93,Pimenteiras,-6.2453,-41.4192,24.18,62,22,0.48,BR,$Y-$m-25 03:32:38
94,Tasiilaq,65.6145,-37.6368,5.09,29,8,20.95,GL,$Y-$m-25 03:32:38
95,Kloulklubed,7.0419,134.2556,30.28,76,84,7.41,PW,$Y-$m-25 03:32:39
96,Muncar,-8.4333,114.3333,29.5,66,38,3.82,ID,$Y-$m-25 03:32:39
97,Tabas,33.5959,56.9244,29.37,11,0,1.39,IR,$Y-$m-25 03:32:40
98,Cruz Alta,-28.6386,-53.6064,7.89,84,55,4.47,BR,$Y-$m-25 03:32:40
99,Ningxiang,37.34,111.2052,20.11,38,2,2.11,CN,$Y-$m-25 03:32:40
100,Geraldton,-28.7667,114.6,19.23,45,40,7.72,AU,$Y-$m-25 03:31:02
101,Port Blair,11.6667,92.75,29.02,79,40,2.06,IN,$Y-$m-25 03:32:41
102,Bougouni,11.417,-7.479,22.19,95,68,1.62,ML,$Y-$m-25 03:32:41
103,Vao,-22.6667,167.4833,23.34,81,3,5.59,NC,$Y-$m-25 03:32:42
104,Hasaki,35.7333,140.8333,26.27,73,61,9.78,JP,$Y-$m-25 03:32:42
105,Lokosovo,61.1333,74.8167,3.2,75,99,3.96,RU,$Y-$m-25 03:32:42
106,Teya,60.3778,92.6267,1.72,87,99,1.25,RU,$Y-$m-25 03:32:43
107,San Patricio,28.017,-97.5169,28.94,68,2,4.1,US,$Y-$m-25 03:32:43
108,Dhidhdhoo,6.8833,73.1,28.03,74,40,5.76,MV,$Y-$m-25 03:32:14
109,Hambantota,6.1241,81.1185,30.19,70,0,3.09,LK,$Y-$m-25 03:32:43
110,Norman Wells,65.282,-126.8329,4.02,75,75,1.03,CA,$Y-$m-25 03:32:44
111,Atuona,-9.8,-139.0333,24.9,75,31,8.33,PF,$Y-$m-25 03:32:44
112,The Valley,18.217,-63.0578,27.92,70,95,5.86,AI,$Y-$m-25 03:31:54
113,Kieta,-6.2167,155.6333,28.86,71,53,2.19,PG,$Y-$m-25 03:32:45
114,Montreal,45.5088,-73.5878,13.48,71,0,3.6,CA,$Y-$m-25 03:28:06
115,Kavieng,-2.5744,150.7967,29.62,64,88,5.96,PG,$Y-$m-25 03:32:45
116,Ferrol,43.4832,-8.2369,14.82,89,17,3.87,ES,$Y-$m-25 03:28:35
117,Rikitea,-23.1203,-134.9692,21.2,65,78,7.43,PF,$Y-$m-25 03:32:45
118,Saint George,37.1041,-113.5841,27.75,19,0,2.06,US,$Y-$m-25 03:30:17
119,Kiama,-34.6833,150.8667,21.88,61,0,1.34,AU,$Y-$m-25 03:29:55
120,Ifo,6.8144,3.1958,24.79,93,99,1.6,NG,$Y-$m-25 03:32:46
121,Srednekolymsk,67.45,153.6833,5.14,51,7,4.13,RU,$Y-$m-25 03:32:46
122,Williams Lake,52.1415,-122.1445,15.76,58,75,3.6,CA,$Y-$m-25 03:30:22
123,Kjollefjord,70.9457,27.3465,9.03,87,75,3.6,NO,$Y-$m-25 03:32:47
124,Lielvarde,56.7207,24.8074,5.84,94,87,2.03,LV,$Y-$m-25 03:32:47
125,Olga,43.7444,135.2892,20.08,56,59,2.26,RU,$Y-$m-25 03:32:47
126,Codrington,-38.2667,141.9667,16.64,56,98,1.91,AU,$Y-$m-25 03:32:48
127,Camacha,33.0833,-16.3333,20.68,83,75,7.2,PT,$Y-$m-25 03:32:48
128,Turukhansk,65.8167,87.9833,-1.39,79,98,4.73,RU,$Y-$m-25 03:32:48
129,Cururupu,-1.8283,-44.8683,24.28,88,6,1.79,BR,$Y-$m-25 03:32:49
130,Garoua Boulai,5.8833,14.55,16.55,96,100,1.53,CM,$Y-$m-25 03:32:49
131,Vaini,-21.2,-175.2,25.09,88,75,3.6,TO,$Y-$m-25 03:32:49
132,Burias,11.4463,122.5497,29.35,78,100,1.57,PH,$Y-$m-25 03:32:50
133,Upington,-28.4478,21.2561,18.21,22,0,3.09,ZA,$Y-$m-25 03:33:50
134,Aykhal,66.0,111.5,-3.37,88,95,5.25,RU,$Y-$m-25 03:33:50
135,Lasa,46.6166,10.7002,11.49,96,100,0.49,IT,$Y-$m-25 03:33:51
136,Cherskiy,68.75,161.3,0.48,64,100,3.21,RU,$Y-$m-25 03:33:51
137,Alta Floresta,-9.8756,-56.0861,24.29,61,34,1.59,BR,$Y-$m-25 03:33:51
138,Kaitangata,-46.2817,169.8464,11.4,78,100,6.21,NZ,$Y-$m-25 03:33:52
139,Ereymentau,51.6199,73.1033,21.98,34,33,5.37,KZ,$Y-$m-25 03:33:52
140,Ekhabi,53.5102,142.9671,8.93,92,100,11.52,RU,$Y-$m-25 03:33:52
141,Ashti,19.3833,76.2333,26.74,67,21,0.56,IN,$Y-$m-25 03:33:53
142,Boa Vista,2.8197,-60.6733,27.99,65,0,2.06,BR,$Y-$m-25 03:33:53
143,Puerto Ayora,-0.7393,-90.3518,19.75,92,97,2.68,EC,$Y-$m-25 03:33:53
144,Kyra,49.5776,111.9753,9.02,37,11,8.35,RU,$Y-$m-25 03:33:54
145,Egvekinot,66.3167,-179.1667,-1.75,62,91,5.7,RU,$Y-$m-25 03:33:54
146,Barrow,71.2906,-156.7887,1.01,86,100,9.77,US,$Y-$m-25 03:33:54
147,Vostok,46.4856,135.8833,16.14,49,55,2.45,RU,$Y-$m-25 03:33:55
148,Alfeld,51.9838,9.8199,13.66,94,100,0.45,DE,$Y-$m-25 03:33:55
149,Sibu,2.3,111.8167,29.17,74,20,2.57,MY,$Y-$m-25 03:33:55
150,Chusovoy,58.3013,57.8131,7.77,81,99,6.39,RU,$Y-$m-25 03:33:56
151,Luderitz,-26.6481,15.1594,11.37,89,55,1.36,NA,$Y-$m-25 03:33:56
152,Richards Bay,-28.783,32.0377,22.4,69,0,6.74,ZA,$Y-$m-25 03:33:57
153,Thompson,55.7435,-97.8558,13.09,67,75,2.57,CA,$Y-$m-25 03:30:07
154,Inta,66.0317,60.1659,0.03,75,6,4.59,RU,$Y-$m-25 03:33:57
155,Tautira,-17.7333,-149.15,24.3,78,80,10.93,PF,$Y-$m-25 03:33:57
156,Bengkulu,-3.8004,102.2655,27.84,70,42,2.45,ID,$Y-$m-25 03:33:58
157,Wawa,9.9022,4.4192,22.89,93,61,2.12,NG,$Y-$m-25 03:33:58
158,Bend,44.0582,-121.3153,20.92,38,0,3.09,US,$Y-$m-25 03:33:16
159,Mpika,-11.8343,31.4529,16.94,64,90,3.59,ZM,$Y-$m-25 03:33:59
160,Cabo San Lucas,22.8909,-109.9124,28.99,78,100,2.68,MX,$Y-$m-25 03:33:59
161,Clyde River,70.4692,-68.5914,1.13,93,100,4.63,CA,$Y-$m-25 03:33:59
162,Poum,-20.2333,164.0167,24.68,77,4,2.58,NC,$Y-$m-25 03:34:00
163,Hilo,19.7297,-155.09,26.82,91,100,2.24,US,$Y-$m-25 03:31:47
164,Aklavik,68.2191,-135.0107,3.05,98,100,2.86,CA,$Y-$m-25 03:34:00
165,Northam,51.0333,-4.2167,12.01,80,73,2.72,GB,$Y-$m-25 03:34:01
166,Tabuk,17.4189,121.4443,27.93,80,100,3.96,PH,$Y-$m-25 03:34:01
167,Bilibino,68.0546,166.4372,0.31,65,99,1.08,RU,$Y-$m-25 03:34:01
168,Vilyuysk,63.7553,121.6247,3.38,80,97,2.25,RU,$Y-$m-25 03:34:02
169,Murgab,37.4966,61.9714,16.93,59,0,2.06,TM,$Y-$m-25 03:34:02
170,Jumla,29.2747,82.1838,17.51,83,96,1.84,NP,$Y-$m-25 03:34:03
171,Puerto Madryn,-42.7692,-65.0385,11.99,50,5,3.0,AR,$Y-$m-25 03:34:03
172,Biak,-0.9131,122.8766,28.92,61,84,4.57,ID,$Y-$m-25 03:34:03
173,Naze,28.3667,129.4833,28.51,75,1,4.11,JP,$Y-$m-25 03:34:04
174,Fairbanks,64.8378,-147.7164,11.0,67,0,2.57,US,$Y-$m-25 03:34:04
175,Saint-Philippe,-21.3585,55.7679,20.77,74,64,5.15,RE,$Y-$m-25 03:34:05
176,Karratha,-20.7377,116.8463,32.07,18,0,3.54,AU,$Y-$m-25 03:35:05
177,Rio Grande,-32.035,-52.0986,12.66,83,4,3.94,BR,$Y-$m-25 03:35:06
178,Champerico,14.3,-91.9167,26.43,87,100,1.92,GT,$Y-$m-25 03:35:06
179,Acapulco,16.8634,-99.8901,28.9,79,75,3.6,MX,$Y-$m-25 03:30:43
180,Sampit,-2.5333,112.95,31.91,52,58,1.86,ID,$Y-$m-25 03:35:07
181,Sorong,-0.8833,131.25,28.27,79,100,5.37,ID,$Y-$m-25 03:35:07
182,Georgetown,5.4112,100.3354,29.38,77,40,2.68,MY,$Y-$m-25 03:34:28
183,College,64.8569,-147.8028,10.99,66,75,2.57,US,$Y-$m-25 03:35:08
184,Kahului,20.8947,-156.47,32.01,65,20,6.17,US,$Y-$m-25 03:35:08
185,Hobart,-42.8794,147.3294,16.81,59,75,3.6,AU,$Y-$m-25 03:35:09
186,Morro Bay,35.3658,-120.8499,23.0,64,16,0.45,US,$Y-$m-25 03:35:09
187,Coffs Harbour,-30.3,153.1333,21.18,60,0,4.12,AU,$Y-$m-25 03:35:10
188,Antofagasta,-23.65,-70.4,14.6,79,45,3.64,CL,$Y-$m-25 03:35:10
189,Fort Nelson,58.8053,-122.7002,9.77,53,75,1.03,CA,$Y-$m-25 03:35:10
190,Port Hedland,-20.3167,118.5667,35.03,16,1,3.09,AU,$Y-$m-25 03:31:30
191,Changping,40.2186,116.2197,21.8,17,0,2.56,CN,$Y-$m-25 03:35:11
192,Vila Do Maio,15.1333,-23.2167,25.44,83,13,5.84,CV,$Y-$m-25 03:35:11
193,Maralal,1.0968,36.698,14.12,81,76,1.65,KE,$Y-$m-25 03:35:11
194,Pisco,-13.7,-76.2167,15.03,82,0,1.54,PE,$Y-$m-25 03:35:12
195,Saldanha,-33.0117,17.9442,7.03,90,77,0.49,ZA,$Y-$m-25 03:35:12
196,Bulgan,48.8125,103.5347,10.91,42,7,2.28,MN,$Y-$m-25 03:35:13
197,Weihe,32.9952,105.3247,17.65,74,93,2.35,CN,$Y-$m-25 03:35:13
198,Mucurapo,10.6667,-61.5333,25.57,86,39,2.8,TT,$Y-$m-25 03:35:13
199,Sobolevo,54.4299,31.8996,5.96,89,100,7.03,RU,$Y-$m-25 03:35:14
200,Emerald,-23.5333,148.1667,28.52,34,0,0.64,AU,$Y-$m-25 03:34:52
201,Ndele,8.4109,20.6473,20.69,95,100,1.45,CF,$Y-$m-25 03:35:14
202,Narok,-1.0783,35.8601,13.72,90,85,3.01,KE,$Y-$m-25 03:35:15
203,Port Lincoln,-34.7333,135.8667,13.5,91,100,4.16,AU,$Y-$m-25 03:30:19
204,Inhambane,-23.865,35.3833,19.99,94,40,0.0,MZ,$Y-$m-25 03:35:15
205,Kamyshla,54.1169,52.1426,11.5,78,100,0.83,RU,$Y-$m-25 03:35:15
206,Wote,-1.7808,37.6288,16.75,85,90,0.63,KE,$Y-$m-25 03:35:16
207,Bredasdorp,-34.5322,20.0403,11.52,96,100,1.16,ZA,$Y-$m-25 03:35:16
208,Saint-Denis,48.9167,2.3333,13.46,88,75,4.12,FR,$Y-$m-25 03:35:17
209,Lebu,-37.6167,-73.65,8.15,87,7,4.2,CL,$Y-$m-25 03:35:17
210,Benjamin Constant,-4.3831,-70.0311,24.07,81,88,0.57,BR,$Y-$m-25 03:35:17
211,Haimen,23.1935,116.6142,30.94,58,52,5.22,CN,$Y-$m-25 03:35:18
212,Alushta,44.6667,34.4167,13.73,67,44,2.23,UA,$Y-$m-25 03:35:18
213,Shimoda,34.6667,138.95,25.2,68,53,5.55,JP,$Y-$m-25 03:35:18
214,Quesnel,52.9999,-122.5029,15.28,63,100,1.03,CA,$Y-$m-25 03:35:19
215,Pampierstad,-27.7832,24.6877,19.63,41,1,7.53,ZA,$Y-$m-25 03:35:19
216,Clearlake,38.9582,-122.6264,21.66,44,0,1.81,US,$Y-$m-25 03:35:19
217,Wencheng,33.0559,113.7978,26.54,23,83,1.64,CN,$Y-$m-25 03:35:20
218,Yinchuan,38.4681,106.2731,22.18,30,0,0.29,CN,$Y-$m-25 03:35:20
219,Iqaluit,63.7506,-68.5145,1.85,87,0,5.66,CA,$Y-$m-25 03:35:21
220,Kozhva,65.1073,57.0459,0.43,78,8,2.04,RU,$Y-$m-25 03:35:21
221,Songjianghe,42.1859,127.479,17.92,41,100,3.56,CN,$Y-$m-25 03:35:21
222,Chokurdakh,70.6333,147.9167,2.52,59,51,2.58,RU,$Y-$m-25 03:35:22
223,Kilindoni,-7.9139,39.6668,24.4,82,99,6.71,TZ,$Y-$m-25 03:36:22
224,Rosita,13.9268,-84.4032,22.91,99,75,1.2,NI,$Y-$m-25 03:36:22
225,Hami,42.8,93.45,27.47,9,0,4.0,CN,$Y-$m-25 03:36:23
226,Ferry Pass,30.5102,-87.2125,27.05,87,0,0.0,US,$Y-$m-25 03:36:23
227,Saskylakh,71.9167,114.0833,-0.31,88,100,5.11,RU,$Y-$m-25 03:36:23
228,Tuatapere,-46.1333,167.6833,15.48,68,100,2.21,NZ,$Y-$m-25 03:36:24
229,Lander,42.833,-108.7307,16.45,39,0,4.63,US,$Y-$m-25 03:36:24
230,Sinop,41.7711,34.8709,6.24,79,3,2.81,TR,$Y-$m-25 03:36:25
231,Itoman,26.1247,127.6694,30.01,76,75,5.66,JP,$Y-$m-25 03:36:25
232,Haines Junction,60.7522,-137.5108,8.97,49,30,1.54,CA,$Y-$m-25 03:36:25
233,Kewanee,41.2456,-89.9248,20.4,62,100,4.9,US,$Y-$m-25 03:36:26
234,Praia Da Vitoria,38.7333,-27.0667,22.64,94,75,10.22,PT,$Y-$m-25 03:36:26
235,Bria,6.5423,21.9863,19.66,99,100,1.45,CF,$Y-$m-25 03:36:26
236,Touros,-5.1989,-35.4608,25.54,69,18,6.1,BR,$Y-$m-25 03:36:27
237,Kodiak,57.79,-152.4072,9.73,66,0,4.63,US,$Y-$m-25 03:33:18
238,Souillac,-20.5167,57.5167,22.21,68,40,5.14,MU,$Y-$m-25 03:36:27
239,Provideniya,64.3833,-173.3,3.56,73,100,3.68,RU,$Y-$m-25 03:36:27
240,Nome,64.5011,-165.4064,8.04,77,40,2.57,US,$Y-$m-25 03:36:28
241,Ulaangom,49.9811,92.0667,14.56,42,13,1.99,MN,$Y-$m-25 03:36:28
242,Saint Anthony,45.0205,-93.218,15.37,85,100,5.66,US,$Y-$m-25 03:36:28
243,Mapimi,25.8167,-103.85,22.69,37,0,1.5,MX,$Y-$m-25 03:36:29
244,Chunoyar,57.4467,97.3217,3.5,81,100,2.04,RU,$Y-$m-25 03:36:29
245,Powell,40.1578,-83.0752,17.0,84,0,3.09,US,$Y-$m-25 03:34:23
246,Soyo,-6.1349,12.3689,22.46,87,96,2.21,AO,$Y-$m-25 03:36:30
247,Sinnamary,5.3833,-52.95,25.41,83,47,4.12,GF,$Y-$m-25 03:36:30
248,Kingman,35.1894,-114.053,29.94,21,0,3.09,US,$Y-$m-25 03:36:30
249,Banda Aceh,5.5577,95.3222,30.09,60,100,4.78,ID,$Y-$m-25 03:36:31
250,Esperance,-33.8667,121.9,15.35,62,84,5.19,AU,$Y-$m-25 03:36:31
251,Grand Gaube,-20.0064,57.6608,22.43,66,13,3.13,MU,$Y-$m-25 03:36:31
252,Tual,-5.6667,132.75,27.7,75,28,5.53,ID,$Y-$m-25 03:36:31
253,Flinders,-34.5833,150.8552,21.77,60,0,1.79,AU,$Y-$m-25 03:36:32
254,San Isidro,-12.1167,-77.05,15.56,87,100,5.14,PE,$Y-$m-25 03:36:32
255,Amahai,-3.3333,128.9167,28.36,72,55,4.48,ID,$Y-$m-25 03:36:32
256,Anqing,30.5092,117.0506,25.88,43,100,2.14,CN,$Y-$m-25 03:36:33
257,Yaan,7.3833,8.5667,22.11,97,100,1.39,NG,$Y-$m-25 03:36:33
258,Ugoofaaru,5.6667,73.0,27.98,75,52,5.68,MV,$Y-$m-25 03:36:33
259,Bodden Town,19.2833,-81.25,29.4,83,0,4.12,KY,$Y-$m-25 03:34:34
260,Leningradskiy,69.3833,178.4167,0.09,84,88,3.97,RU,$Y-$m-25 03:36:34
261,Baoqing,46.3317,132.2111,19.92,45,92,5.15,CN,$Y-$m-25 03:36:34
262,Arraial Do Cabo,-22.9661,-42.0278,18.88,72,3,1.93,BR,$Y-$m-25 03:33:08
263,Bonavista,48.6499,-53.1147,15.04,80,16,12.28,CA,$Y-$m-25 03:36:34
264,Ulladulla,-35.35,150.4667,20.98,64,22,3.82,AU,$Y-$m-25 03:36:35
265,Sao Miguel Do Tapuio,-5.5036,-41.3233,24.69,57,35,1.19,BR,$Y-$m-25 03:36:35
266,Nizwa,22.9333,57.5333,30.6,31,46,0.81,OM,$Y-$m-25 03:36:35
267,Poso,-1.3959,120.7524,31.9,49,100,2.06,ID,$Y-$m-25 03:36:36
268,Shieli,44.1667,66.75,27.62,20,0,2.9,KZ,$Y-$m-25 03:36:36
269,Oum Hadjer,13.2954,19.6966,26.99,60,32,2.52,TD,$Y-$m-25 03:36:36
270,Khatanga,71.9667,102.5,-2.5,71,25,4.61,RU,$Y-$m-25 03:36:37
271,Conceicao Do Araguaia,-8.2578,-49.2647,25.67,64,87,1.68,BR,$Y-$m-25 03:37:37
272,Basco,20.4487,121.9702,28.07,81,45,8.98,PH,$Y-$m-25 03:37:37
273,Alofi,-19.0595,-169.9187,26.94,69,47,5.66,NU,$Y-$m-25 03:37:38
274,Gold Coast,-28.0,153.4333,27.36,59,0,5.66,AU,$Y-$m-25 03:35:11
275,Ilulissat,69.2167,-51.1,1.01,86,75,3.09,GL,$Y-$m-25 03:37:38
276,Vestmannaeyjar,63.4427,-20.2734,11.47,61,75,21.4,IS,$Y-$m-25 03:37:39
277,Banka,24.8833,86.9167,30.36,69,94,1.79,IN,$Y-$m-25 03:37:39
278,Narsaq,60.9167,-46.05,7.12,71,100,2.94,GL,$Y-$m-25 03:37:40
279,Shirokaya Rechka,56.7986,60.4852,8.7,83,100,4.63,RU,$Y-$m-25 03:37:40
280,Paamiut,61.994,-49.6678,5.67,58,100,3.65,GL,$Y-$m-25 03:37:40
281,Malanje,-9.5402,16.341,18.37,90,92,2.76,AO,$Y-$m-25 03:37:41
282,Biala Podlaska,52.0324,23.1165,6.78,80,32,2.09,PL,$Y-$m-25 03:37:41
283,Sao Joao Da Barra,-21.6403,-41.0511,18.04,80,5,3.21,BR,$Y-$m-25 03:34:54
284,Rockport,28.0206,-97.0544,29.03,82,0,4.63,US,$Y-$m-25 03:37:42
285,Odienne,9.51,-7.5692,20.83,97,100,1.66,CI,$Y-$m-25 03:37:42
286,Kabanjahe,3.1001,98.4908,23.73,59,82,1.05,ID,$Y-$m-25 03:37:42
287,Kutum,14.2,24.6667,24.08,51,11,1.46,SD,$Y-$m-25 03:37:43
288,Mayo,38.8876,-76.5119,16.97,82,0,0.0,US,$Y-$m-25 03:37:43
289,Namibe,-15.1961,12.1522,17.12,83,66,1.08,AO,$Y-$m-25 03:37:43
290,Bogalusa,30.791,-89.8487,23.86,88,0,0.0,US,$Y-$m-25 03:37:44
291,Tiksi,71.6872,128.8694,1.04,80,26,7.95,RU,$Y-$m-25 03:37:44
292,Manicore,-5.8092,-61.3003,24.97,88,0,0.51,BR,$Y-$m-25 03:37:45
293,Minsk,53.9,27.5667,1.86,79,13,3.73,BY,$Y-$m-25 03:37:45
294,Gornopravdinsk,60.05,69.9,3.32,69,33,4.03,RU,$Y-$m-25 03:37:45
295,Ambunti,-4.2365,142.8448,31.6,59,96,0.97,PG,$Y-$m-25 03:37:46
296,Suslovo,56.2167,88.1167,4.16,89,100,2.98,RU,$Y-$m-25 03:37:46
297,Fairfield,41.2668,-73.3162,14.0,78,0,0.0,US,$Y-$m-25 03:33:14
298,Kralendijk,12.15,-68.2667,28.99,79,20,5.66,BQ,$Y-$m-25 03:36:38
299,Fernie,49.5,-115.0687,11.11,75,76,1.14,CA,$Y-$m-25 03:37:47
300,Khovu-Aksy,51.1333,93.6,13.94,37,41,0.59,RU,$Y-$m-25 03:37:47
301,Campbellsville,37.3434,-85.3419,19.06,62,0,3.22,US,$Y-$m-25 03:37:47
302,Minot,48.2325,-101.2963,16.12,44,0,6.17,US,$Y-$m-25 03:33:46
303,Samfya,-11.3649,29.5565,18.4,61,54,3.25,ZM,$Y-$m-25 03:37:48
304,Salalah,17.0151,54.0924,26.6,81,59,2.08,OM,$Y-$m-25 03:35:40
305,Umm Kaddadah,13.6017,26.6876,27.36,55,24,3.37,SD,$Y-$m-25 03:37:48
306,San Quintin,30.4833,-115.95,22.68,78,68,5.79,MX,$Y-$m-25 03:37:49
307,Romny,50.751,33.4747,7.25,82,98,7.65,UA,$Y-$m-25 03:37:49
308,Donghai,22.9459,115.642,30.46,50,43,2.09,CN,$Y-$m-25 03:37:49
309,Poddorye,57.4695,31.1156,6.48,94,100,4.94,RU,$Y-$m-25 03:37:50
310,Lola,7.8,-8.5333,20.65,100,100,0.73,GN,$Y-$m-25 03:37:50
311,Tiarei,-17.5333,-149.3333,26.67,80,53,11.55,PF,$Y-$m-25 03:37:51
312,Mackay,-21.15,149.2,28.16,72,7,5.71,AU,$Y-$m-25 03:37:51
313,Davila,18.4726,120.5763,28.99,75,100,9.89,PH,$Y-$m-25 03:37:51
314,Nantucket,41.2835,-70.0995,15.06,72,0,3.09,US,$Y-$m-25 03:37:52
315,Kirovo-Chepetsk,58.5539,50.0399,9.03,88,100,1.01,RU,$Y-$m-25 03:37:52
316,Opuwo,-18.0607,13.84,17.7,23,26,2.4,NA,$Y-$m-25 03:37:52
317,Adrar,20.5022,-10.0711,29.96,44,67,7.24,MR,$Y-$m-25 03:37:52
318,Along,28.1667,94.7667,22.25,99,100,0.34,IN,$Y-$m-25 03:37:53
319,Hay River,60.8156,-115.7999,5.99,65,20,1.54,CA,$Y-$m-25 03:38:53
320,Irupi,-20.3453,-41.6411,12.71,93,55,1.35,BR,$Y-$m-25 03:38:53
321,Nicoya,10.1483,-85.452,23.86,93,100,0.5,CR,$Y-$m-25 03:34:04
322,Fallon,39.4735,-118.7774,18.93,32,0,3.6,US,$Y-$m-25 03:38:54
323,Keskin,39.6731,33.6136,7.18,49,1,1.11,TR,$Y-$m-25 03:38:54
324,Santa Fe,-31.6333,-60.7,16.68,66,100,1.79,AR,$Y-$m-25 03:38:17
325,Puerto Ayacucho,5.6639,-67.6236,24.23,92,100,0.69,VE,$Y-$m-25 03:38:55
326,Jingdezhen,29.2947,117.2079,30.88,37,82,1.03,CN,$Y-$m-25 03:36:17
327,Lumby,50.2498,-118.969,16.69,64,42,2.57,CA,$Y-$m-25 03:38:55
328,Dunedin,-45.8742,170.5036,8.78,90,100,1.34,NZ,$Y-$m-25 03:36:01
329,Cochrane,51.1834,-114.4687,15.15,37,23,1.58,CA,$Y-$m-25 03:36:08
330,Araouane,18.9048,-3.5265,33.87,30,89,5.19,ML,$Y-$m-25 03:38:56
331,Macamic,48.7502,-78.9996,7.16,93,70,2.18,CA,$Y-$m-25 03:38:56
332,Lysyye Gory,51.5506,44.8414,9.81,77,87,4.08,RU,$Y-$m-25 03:38:57
333,Porto Santo,33.072,-16.3415,22.21,83,75,7.2,PT,$Y-$m-25 03:38:57
334,Lazaro Cardenas,17.9583,-102.2,26.13,87,46,2.18,MX,$Y-$m-25 03:38:58
335,Atar,20.5169,-13.0499,30.46,51,99,2.14,MR,$Y-$m-25 03:38:58
336,Catarama,-1.5833,-79.4667,23.07,75,99,2.3,EC,$Y-$m-25 03:38:58
337,Westport,41.1415,-73.3579,16.03,76,0,0.89,US,$Y-$m-25 03:38:59
338,Praia,14.9215,-23.5087,25.3,88,20,0.51,CV,$Y-$m-25 03:38:59
339,Kupang,-10.1667,123.5833,30.64,57,10,3.59,ID,$Y-$m-25 03:39:00
340,Kaspiyskiy,45.3929,47.3707,13.66,69,1,7.57,RU,$Y-$m-25 03:39:00
341,Menongue,-14.6585,17.691,18.71,34,88,1.45,AO,$Y-$m-25 03:39:00
342,Margate,51.3813,1.3862,13.16,80,51,3.58,GB,$Y-$m-25 03:39:01
343,Yerbogachen,61.2767,108.0108,0.36,87,95,2.66,RU,$Y-$m-25 03:39:01
344,Awbari,26.5921,12.7805,23.33,45,5,4.25,LY,$Y-$m-25 03:39:01
345,Jucas,-6.5253,-39.5275,23.91,72,5,3.54,BR,$Y-$m-25 03:39:02
346,Sola,-13.8833,167.55,29.37,79,100,0.0,VU,$Y-$m-25 03:39:02
347,Puerto Carreno,6.189,-67.4859,24.74,91,100,0.78,CO,$Y-$m-25 03:39:02
348,Torbay,47.6666,-52.7314,15.09,90,75,8.75,CA,$Y-$m-25 03:35:38
349,Bacolod,10.6667,122.95,27.63,85,100,8.28,PH,$Y-$m-25 03:39:03
350,Qaqortoq,60.7167,-46.0333,7.62,87,100,2.05,GL,$Y-$m-25 03:39:03
351,Tutoia,-2.7619,-42.2744,25.8,78,35,4.9,BR,$Y-$m-25 03:39:03
352,Luziania,-16.2525,-47.9503,21.83,70,92,1.09,BR,$Y-$m-25 03:39:04
353,Havre-Saint-Pierre,50.2334,-63.5986,7.2,70,75,7.72,CA,$Y-$m-25 03:39:04
354,Isla Mujeres,21.2311,-86.731,26.03,78,17,3.84,MX,$Y-$m-25 03:39:04
355,Denpasar,-8.65,115.2167,28.81,79,20,4.63,ID,$Y-$m-25 03:39:05
356,Pedernales,18.0384,-71.744,27.75,70,100,1.35,DO,$Y-$m-25 03:39:05
357,Gorin,51.1983,136.6669,16.0,58,47,1.89,RU,$Y-$m-25 03:39:06
358,Half Moon Bay,37.4636,-122.4286,24.46,75,100,7.72,US,$Y-$m-25 03:39:06
359,Axim,4.8699,-2.2405,24.31,90,100,2.62,GH,$Y-$m-25 03:39:06
360,Mazyr,52.0495,29.2456,4.72,87,11,4.11,BY,$Y-$m-25 03:39:07
361,Makakilo City,21.3469,-158.0858,27.18,70,100,6.17,US,$Y-$m-25 03:39:07
362,Jihlava,49.3961,15.5912,10.19,88,100,1.63,CZ,$Y-$m-25 03:39:08
363,Drayton Valley,53.2168,-114.9854,8.47,51,65,1.37,CA,$Y-$m-25 03:39:08
364,Comodoro Rivadavia,-45.8667,-67.5,2.92,93,0,2.57,AR,$Y-$m-25 03:38:35
365,Ulverstone,-41.15,146.1667,11.79,74,90,1.85,AU,$Y-$m-25 03:40:08
366,Say,13.1007,2.3689,29.31,75,97,3.66,NE,$Y-$m-25 03:40:09
367,Zemio,5.0314,25.1361,19.28,98,100,0.78,CF,$Y-$m-25 03:40:09
368,Am Timan,11.0297,20.2827,22.68,91,100,1.98,TD,$Y-$m-25 03:40:10
369,Sitka,57.0531,-135.33,12.94,71,100,3.6,US,$Y-$m-25 03:40:10
370,Nanortalik,60.1432,-45.2371,6.93,90,100,2.07,GL,$Y-$m-25 03:40:10
371,Lithakia,37.7167,20.8333,13.65,87,40,0.0,GR,$Y-$m-25 03:40:11
372,Maine-Soroa,13.2114,12.0241,27.11,57,49,4.18,NE,$Y-$m-25 03:40:11
373,Necochea,-38.5473,-58.7368,9.75,85,93,0.94,AR,$Y-$m-25 03:40:12
374,Dengzhou,37.8086,120.7508,22.16,46,5,3.77,CN,$Y-$m-25 03:40:12
375,Asau,46.4333,26.4,2.51,79,77,2.0,RO,$Y-$m-25 03:40:13
376,Sawakin,19.1059,37.3321,30.1,47,9,4.11,SD,$Y-$m-25 03:40:13
377,Bentong,3.5181,101.9079,30.93,58,45,2.17,MY,$Y-$m-25 03:40:13
378,Jilib,0.4883,42.7854,24.83,75,29,3.08,SO,$Y-$m-25 03:40:14
379,Mukhen,48.1,136.1,17.57,61,70,3.8,RU,$Y-$m-25 03:40:14
380,Kalispell,48.1958,-114.3129,14.53,69,0,2.24,US,$Y-$m-25 03:40:14
381,Lancaster,40.2504,-76.2499,15.15,77,24,1.33,US,$Y-$m-25 03:38:08
382,Mariara,10.2964,-67.7181,22.72,86,74,0.75,VE,$Y-$m-25 03:40:15
383,Buala,-8.145,159.5921,28.84,69,68,1.4,SB,$Y-$m-25 03:40:15
384,Katherine,-14.4667,132.2667,36.18,21,68,2.57,AU,$Y-$m-25 03:40:16
385,Mehamn,71.0357,27.8492,7.97,87,75,5.14,NO,$Y-$m-25 03:40:16
386,Huron,41.1501,-82.5499,17.69,80,62,5.91,US,$Y-$m-25 03:40:16
387,Koutiala,12.3917,-5.4642,22.99,86,96,1.34,ML,$Y-$m-25 03:40:16
388,Saint-Pierre,-21.3393,55.4781,20.82,64,0,4.12,RE,$Y-$m-25 03:40:17
389,Bontang,0.1333,117.5,29.84,61,97,3.78,ID,$Y-$m-25 03:40:17
390,Evensk,61.95,159.2333,7.83,51,4,8.66,RU,$Y-$m-25 03:40:18
391,Ahuimanu,21.4447,-157.8378,27.84,73,0,6.17,US,$Y-$m-25 03:40:18
392,Amudat,1.95,34.95,19.86,73,87,0.62,UG,$Y-$m-25 03:40:18
393,Lamu,-2.2717,40.902,24.12,86,80,5.77,KE,$Y-$m-25 03:40:19
394,Aljezur,37.3191,-8.8033,15.9,81,29,4.95,PT,$Y-$m-25 03:40:19
395,Constitucion,-35.3333,-72.4167,10.27,88,90,1.0,CL,$Y-$m-25 03:40:19
396,Baoying,33.2292,119.3092,23.46,48,100,2.51,CN,$Y-$m-25 03:40:20
397,Vanavara,60.34,102.2797,3.01,70,93,2.21,RU,$Y-$m-25 03:40:20
398,Dicabisagan,17.0818,122.4157,26.75,90,100,4.12,PH,$Y-$m-25 03:40:20
399,Saint-Georges,12.0564,-61.7485,26.82,83,20,6.17,GD,$Y-$m-25 03:40:21
400,Noyabrsk,63.1994,75.4507,0.55,69,86,5.99,RU,$Y-$m-25 03:40:21
401,Hirara,24.8,125.2833,30.92,84,40,5.14,JP,$Y-$m-25 03:40:21
402,Blagoyevo,63.3667,47.9167,2.89,83,100,4.94,RU,$Y-$m-25 03:40:22
403,Carnarvon,-24.8667,113.6333,20.34,47,0,9.47,AU,$Y-$m-25 03:40:22
404,Meridian,43.6121,-116.3915,21.47,47,0,0.0,US,$Y-$m-25 03:40:03
405,Ahipara,-35.1667,173.1667,16.35,69,30,1.41,NZ,$Y-$m-25 03:40:22
406,Cayenne,4.9333,-52.3333,25.02,88,0,0.0,GF,$Y-$m-25 03:40:23
407,Keti Bandar,24.1447,67.4497,27.7,74,97,7.76,PK,$Y-$m-25 03:40:23
408,Ponerihouen,-21.0833,165.4,26.59,67,14,2.73,NC,$Y-$m-25 03:41:23
409,Ossora,59.2353,163.0719,7.09,69,100,2.27,RU,$Y-$m-25 03:41:24
410,Coihaique,-45.5752,-72.0662,5.97,81,75,2.06,CL,$Y-$m-25 03:41:24
411,Aleksandrov Gay,50.147,48.5704,12.36,77,97,3.26,RU,$Y-$m-25 03:41:25
412,Mount Gambier,-37.8333,140.7667,16.66,51,99,2.72,AU,$Y-$m-25 03:41:25
413,Solnechnyy,50.7214,136.6319,14.03,67,84,1.08,RU,$Y-$m-25 03:41:26
414,Bandarbeyla,9.4942,50.8122,26.12,73,0,10.38,SO,$Y-$m-25 03:41:26
415,Saint-Francois,46.4154,3.9054,11.69,94,0,1.03,FR,$Y-$m-25 03:41:27
416,Caravelas,-17.7125,-39.2481,20.97,87,100,4.9,BR,$Y-$m-25 03:41:27
417,Constantine,36.365,6.6147,21.67,52,0,3.6,DZ,$Y-$m-25 03:38:15
418,North Bend,43.4065,-124.2243,16.07,92,0,6.69,US,$Y-$m-25 03:41:27
419,Tandil,-37.3217,-59.1332,12.05,61,100,1.45,AR,$Y-$m-25 03:41:28
420,Balkanabat,39.5108,54.3671,23.83,62,1,3.76,TM,$Y-$m-25 03:41:28
421,Yelizovo,53.1873,158.3805,8.08,100,100,2.0,RU,$Y-$m-25 03:41:28
422,Dingle,10.9995,122.6711,30.36,69,100,6.15,PH,$Y-$m-25 03:41:29
423,Nizhniy Kuranakh,58.8353,125.4869,5.59,61,100,2.58,RU,$Y-$m-25 03:41:29
424,Porto Novo,6.4965,2.6036,24.9,91,100,2.24,BJ,$Y-$m-25 03:41:30
425,Moron,-34.6534,-58.6198,16.86,76,99,2.32,AR,$Y-$m-25 03:41:30
426,Aguilas,37.4063,-1.5829,22.09,82,98,4.3,ES,$Y-$m-25 03:41:30
427,Hualmay,-11.0964,-77.6139,16.12,85,45,4.07,PE,$Y-$m-25 03:41:31
428,Klaksvik,62.2266,-6.589,11.51,78,100,14.41,FO,$Y-$m-25 03:41:31
429,Marsh Harbour,26.5412,-77.0636,28.49,68,49,5.68,BS,$Y-$m-25 03:41:31
430,Victor Harbor,-35.5667,138.6167,16.11,76,100,1.0,AU,$Y-$m-25 03:41:32
431,Ponta Do Sol,32.6667,-17.1,22.35,83,100,2.67,PT,$Y-$m-25 03:41:32
432,Preobrazheniye,42.9019,133.9064,19.66,56,100,4.51,RU,$Y-$m-25 03:41:32
433,Visnes,59.3556,5.2242,10.46,81,89,1.54,NO,$Y-$m-25 03:41:33
434,Grand Baie,-20.0182,57.5802,22.47,66,9,3.13,MU,$Y-$m-25 03:41:33
435,Thurso,58.5927,-3.5259,12.14,86,100,7.72,GB,$Y-$m-25 03:41:33
436,Agua Branca,-5.8922,-42.6361,24.42,67,44,1.99,BR,$Y-$m-25 03:41:34
437,Patiya,22.2931,91.9762,26.97,94,100,1.54,BD,$Y-$m-25 03:41:34
438,Kokopo,-4.352,152.2633,30.51,57,88,3.3,PG,$Y-$m-25 03:41:35
439,North Platte,41.1239,-100.7654,17.92,44,0,5.81,US,$Y-$m-25 03:41:35
440,Noumea,-22.2763,166.4572,29.99,99,26,3.74,NC,$Y-$m-25 03:41:35
441,Deputatskiy,69.3,139.9,-4.18,85,100,2.12,RU,$Y-$m-25 03:41:36
442,Chepareria,1.3077,35.2039,15.48,76,15,1.66,KE,$Y-$m-25 03:41:36
443,Sinnai,39.3042,9.2036,20.26,77,0,2.06,IT,$Y-$m-25 03:41:37
444,Padang,-0.9492,100.3543,28.03,66,100,1.2,ID,$Y-$m-25 03:41:37
445,Kalabo,-14.97,22.6814,19.64,30,64,3.18,ZM,$Y-$m-25 03:41:37
446,Lyubashivka,47.8372,30.2598,6.39,77,16,2.76,UA,$Y-$m-25 03:41:38
447,Krasnoborsk,61.5598,45.934,6.38,93,99,4.16,RU,$Y-$m-25 03:41:38
448,Sorland,67.667,12.6934,9.92,74,26,9.52,NO,$Y-$m-25 03:41:38
449,Trat,12.5,102.5,29.11,82,100,2.02,TH,$Y-$m-25 03:41:39
450,Chiknayakanhalli,13.4172,76.6228,24.17,64,48,3.75,IN,$Y-$m-25 03:41:39
451,Taraz,42.9,71.3667,21.23,30,0,1.0,KZ,$Y-$m-25 03:41:39
452,La Rioja,42.25,-2.5,4.88,92,13,1.45,ES,$Y-$m-25 03:41:40
453,Thap Khlo,16.16,100.5966,23.38,98,100,1.26,TH,$Y-$m-25 03:41:40
454,Kissamos,35.4939,23.6569,18.28,56,0,4.72,GR,$Y-$m-25 03:41:41
455,Jieshi,22.8134,115.8257,28.43,55,49,3.0,CN,$Y-$m-25 03:41:41
456,Mahebourg,-20.4081,57.7,22.36,68,40,5.14,MU,$Y-$m-25 03:41:41
457,Ostrovnoy,68.0531,39.5131,4.27,81,100,5.1,RU,$Y-$m-25 03:42:42
458,Kaeo,-35.1,173.7833,19.07,72,12,2.96,NZ,$Y-$m-25 03:42:42
459,Ancud,-41.8697,-73.8203,7.35,88,71,1.03,CL,$Y-$m-25 03:42:42
460,Russell,32.3502,-85.1999,21.57,94,0,1.54,US,$Y-$m-25 03:42:43
461,North Myrtle Beach,33.816,-78.68,22.23,66,0,3.6,US,$Y-$m-25 03:42:43
462,Mogadishu,2.0371,45.3438,25.93,78,75,5.66,SO,$Y-$m-25 03:42:43
463,Tigil,57.8,158.6667,8.56,65,100,7.6,RU,$Y-$m-25 03:42:44
464,Burnie,-41.0667,145.9167,11.64,81,99,3.27,AU,$Y-$m-25 03:42:44
465,Chimore,-16.9833,-65.1333,22.21,65,80,0.64,BO,$Y-$m-25 03:42:45
466,Rethimnon,35.3647,24.4714,17.79,53,0,1.83,GR,$Y-$m-25 03:42:45
467,Sangar,63.9242,127.4739,2.1,98,100,6.39,RU,$Y-$m-25 03:42:45
468,San Lorenzo,-25.3333,-57.5333,18.52,59,75,1.03,PY,$Y-$m-25 03:42:46
469,Kazerun,29.6195,51.6541,30.7,14,0,2.05,IR,$Y-$m-25 03:42:46
470,Kasulu,-4.5767,30.1025,19.9,49,96,2.85,TZ,$Y-$m-25 03:42:47
471,Krasnogorsk,55.8225,37.3181,7.2,93,100,4.0,RU,$Y-$m-25 03:42:47
472,Galle,6.0367,80.217,28.43,72,57,5.97,LK,$Y-$m-25 03:42:04
473,Pierre,44.3683,-100.351,18.36,51,0,5.14,US,$Y-$m-25 03:42:47
474,Te Anau,-45.4167,167.7167,16.72,59,100,1.56,NZ,$Y-$m-25 03:42:48
475,Kongwa,-6.2,36.4167,16.38,87,97,1.75,TZ,$Y-$m-25 03:42:48
476,Gizo,-8.103,156.8419,28.94,69,87,1.94,SB,$Y-$m-25 03:42:48
477,Salinas,36.6777,-121.6555,18.05,82,100,4.63,US,$Y-$m-25 03:41:43
478,Tilichiki,60.4667,166.1,7.51,55,33,3.03,RU,$Y-$m-25 03:42:49
479,Belle Fourche,44.6714,-103.8522,15.75,49,2,2.83,US,$Y-$m-25 03:40:03
480,Mizdah,31.4451,12.9801,16.56,72,0,2.17,LY,$Y-$m-25 03:42:49
481,Sarkand,45.41,79.9186,24.98,24,0,2.21,KZ,$Y-$m-25 03:42:50
482,Tsumeb,-19.2333,17.7167,21.93,15,91,3.82,NA,$Y-$m-25 03:42:50
483,Aquiraz,-3.9014,-38.3911,27.05,78,9,5.3,BR,$Y-$m-25 03:42:51
484,Opatija,45.3392,14.3083,17.32,93,100,3.8,HR,$Y-$m-25 03:42:51
485,Goba,7.0167,39.9833,10.11,89,100,1.06,ET,$Y-$m-25 03:42:51
486,Bara,10.3744,10.7288,22.53,90,85,1.86,NG,$Y-$m-25 03:42:52
487,Jalingo,8.8833,11.3667,22.61,96,100,0.9,NG,$Y-$m-25 03:42:52
488,Pochutla,15.7432,-96.4661,24.9,91,99,1.55,MX,$Y-$m-25 03:42:52
489,Bilma,18.6853,12.9164,31.21,14,22,2.38,NE,$Y-$m-25 03:42:53
490,Saryagash,41.4511,69.1701,21.98,16,0,1.99,KZ,$Y-$m-25 03:42:53
491,Solenzo,12.1833,-4.0833,21.69,87,100,2.0,BF,$Y-$m-25 03:42:54
492,Ulaanbaatar,47.9077,106.8832,9.07,49,20,2.0,MN,$Y-$m-25 03:42:18
493,Fuzhou,26.0614,119.3061,27.94,41,5,2.93,CN,$Y-$m-25 03:42:54
494,Dukat,62.55,155.55,-0.73,78,32,1.35,RU,$Y-$m-25 03:42:54
495,Abu Kamal,34.4506,40.9171,23.15,46,0,4.67,SY,$Y-$m-25 03:42:55
496,Guerrero Negro,27.9769,-114.0611,23.36,75,0,5.25,MX,$Y-$m-25 03:42:55
497,Alyangula,-13.8483,136.4192,29.75,51,81,1.67,AU,$Y-$m-25 03:42:55
498,Oriximina,-1.7656,-55.8661,28.25,44,80,1.32,BR,$Y-$m-25 03:42:56
499,Kommunisticheskiy,61.6789,64.4819,0.38,84,37,3.81,RU,$Y-$m-25 03:42:56
500,Talcahuano,-36.7167,-73.1167,9.82,81,0,4.12,CL,$Y-$m-25 03:42:57
501,Kampene,-3.6,26.6667,19.43,99,100,0.85,CD,$Y-$m-25 03:42:57
502,Raudeberg,61.9875,5.1352,7.37,17,97,7.05,NO,$Y-$m-25 03:42:57
503,Nushki,29.5542,66.0215,27.85,9,2,1.37,PK,$Y-$m-25 03:42:58
504,Balasheyka,53.2841,48.0851,10.4,65,100,1.33,RU,$Y-$m-25 03:42:58
505,Perelyub,51.8667,50.3667,12.12,72,100,2.8,RU,$Y-$m-25 03:42:58
506,Waddan,29.1614,16.139,20.71,73,0,2.06,LY,$Y-$m-25 03:43:59
507,Newnan,33.3807,-84.7997,20.16,89,0,0.0,US,$Y-$m-25 03:43:59
508,Borovskoy,53.8,64.15,19.58,39,100,1.45,KZ,$Y-$m-25 03:43:59
509,Murray Bridge,-35.1167,139.2667,14.91,71,100,1.55,AU,$Y-$m-25 03:44:00
510,Boulder,40.0833,-105.3505,15.85,42,0,3.09,US,$Y-$m-25 03:42:34
511,Kysyl-Syr,63.8986,122.7617,3.07,85,94,1.73,RU,$Y-$m-25 03:44:00
512,Ouesso,1.6136,16.0517,20.55,99,96,0.46,CG,$Y-$m-25 03:44:01
513,Jambi,-1.6,103.6167,31.92,51,73,2.52,ID,$Y-$m-25 03:44:01
514,Sindor,62.8629,51.8905,2.27,75,100,4.79,RU,$Y-$m-25 03:44:01
515,Roros,62.5747,11.3842,3.91,100,100,0.0,NO,$Y-$m-25 03:44:02
516,Yankton,42.8711,-97.3973,16.18,72,0,0.0,US,$Y-$m-25 03:44:02
517,Ixtapa,20.7,-105.2,28.57,79,75,2.06,MX,$Y-$m-25 03:44:02
518,Portland,45.5234,-122.6762,22.27,63,0,1.79,US,$Y-$m-25 03:43:37
519,Katsuura,35.1333,140.3,24.47,69,21,8.37,JP,$Y-$m-25 03:44:03
520,Khandbari,27.3747,87.2039,24.22,83,96,0.43,NP,$Y-$m-25 03:44:03
521,Kirakira,-10.4544,161.9205,28.83,72,74,2.83,SB,$Y-$m-25 03:44:04
522,Santa Rosa,14.3122,121.1114,28.39,83,100,3.83,PH,$Y-$m-25 03:44:04
523,Tucuma,-0.1833,-50.05,25.45,88,4,3.46,BR,$Y-$m-25 03:44:05
524,Sur,22.5667,59.5289,31.52,49,20,3.52,OM,$Y-$m-25 03:44:05
525,Mabaruma,8.2,-59.7833,24.48,91,65,0.95,GY,$Y-$m-25 03:44:05
526,Moengo,5.6167,-54.4,22.89,92,43,1.0,SR,$Y-$m-25 03:44:06
527,Bereda,43.2686,-7.5406,10.32,100,53,1.04,ES,$Y-$m-25 03:44:06
528,Manta,-0.95,-80.7333,21.88,88,75,4.63,EC,$Y-$m-25 03:39:45
529,Hurghada,27.2574,33.8129,28.02,36,0,3.09,EG,$Y-$m-25 03:42:46
530,Hamilton,39.1834,-84.5333,19.38,84,0,4.12,US,$Y-$m-25 03:43:16
531,Nazas,25.2333,-104.1333,22.57,41,1,0.96,MX,$Y-$m-25 03:44:06
532,Kohtla-Jarve,59.3986,27.2731,9.27,69,100,6.75,EE,$Y-$m-25 03:44:07
533,La Ciotat,43.1748,5.6045,16.01,92,59,2.6,FR,$Y-$m-25 03:44:07
534,Hobyo,5.3505,48.5268,25.28,82,33,7.44,SO,$Y-$m-25 03:44:08
535,Fuente Palmera,37.7049,-5.0996,15.53,44,12,1.21,ES,$Y-$m-25 03:44:08
536,Copperas Cove,31.1241,-97.9031,28.17,61,0,2.57,US,$Y-$m-25 03:44:08
537,Vila,42.0304,-8.1588,7.61,82,20,2.58,PT,$Y-$m-25 03:44:09
538,Minbu,20.1833,94.8833,29.03,73,88,2.06,MM,$Y-$m-25 03:44:09
539,Udachnyy,66.4167,112.4,-3.08,92,100,7.06,RU,$Y-$m-25 03:44:09
540,Nizhneudinsk,54.9076,99.0276,3.55,97,100,0.95,RU,$Y-$m-25 03:44:10
541,Smithers,54.7804,-127.1743,13.18,71,75,1.54,CA,$Y-$m-25 03:44:10
542,Yamada,39.4667,141.95,21.88,65,83,2.79,JP,$Y-$m-25 03:44:11
543,Trondheim,63.4305,10.3951,7.05,97,71,0.45,NO,$Y-$m-25 03:44:11
544,Surt,31.2089,16.5887,22.81,75,2,1.7,LY,$Y-$m-25 03:44:11
545,Kassala,15.451,36.4,27.75,66,34,2.12,SD,$Y-$m-25 03:44:12
546,Hoi An,15.8794,108.335,29.98,80,100,0.79,VN,$Y-$m-25 03:44:12
547,Uruzgan,32.8333,66.0,20.91,14,0,2.47,AF,$Y-$m-25 03:44:13
548,Maizieres-Les-Metz,49.2075,6.1605,12.84,89,100,1.5,FR,$Y-$m-25 03:44:13
549,Birjand,32.8663,59.2211,16.26,17,0,3.09,IR,$Y-$m-25 03:44:13
550,Altay,47.8667,88.1167,20.58,30,30,2.38,CN,$Y-$m-25 03:44:14
551,Dahra,36.2546,0.8519,18.66,56,58,2.44,DZ,$Y-$m-25 03:45:14
552,Slave Lake,55.2834,-114.769,9.99,66,0,1.03,CA,$Y-$m-25 03:41:44
